id,domain
7,academy-family.ru
9,mamatov.club
11,get.uniprof-med.ru
12,huriza.online
16,academy.magarmida.ru
17,paulaseagull.ru
18,pytiksebe.ru
19,gc.ksamata.ru
20,universus.pro
22,chuprova-tanya.ru
23,kabinet.shkolavideo.ru
24,universuspro.ru
25,sk.savskaya.com
50,ovitta-online.com
78,apartmentsschool.ru
79,school.silavmisli.ru
82,mankov.online
119,school.socrates.pro
120,elenaalybaeva.ru
121,reinkarnaciologiya.ru
122,imram.getcourse.ru
123,pro.dmitriydyakov.ru
124,bizclub.info
125,sunteam.getcourse.ru
126,wnature.pro
127,iscelenie-course.ru
131,volkovatatyana.ru
137,icca.academy
138,lk.brain-games.ru
140,oigra.ru
141,wonder.lawyer
143,school.psfa.academy
147,ilmirbz.ru
181,kurs.vremeny.net
183,tvoyklub.online
184,school.scientific-psychology.ru
185,online.academiamillionerov.ru
188,my.bbooster.online
189,nakonechna.club
191,online.burmaka.com
192,andreyinfo.ru
195,online.narezultat.com
197,clfin.online
198,schoolsmart.ru
199,go.alexdavydov.pro
200,fin-1.com
201,app.geniusenglish.ru
202,dzverev.ru
203,ratnerschool.com
205,zagorodnikovbiz.ru
206,altecoschool.ru
209,online.juliarts.ru
210,aida-marketing.ru
211,irinaostashkova.ru
